{
  "retriever": {
    "bm25": {
      "recall@1": 0.04093567251461988,
      "recall@5": 0.19883040935672514,
      "recall@10": 0.4093567251461988,
      "ndcg@1": 0.04093567251461988,
      "ndcg@5": 0.10992416661781869,
      "ndcg@10": 0.17626333847274486
    },
    "medcpt_vanilla": {
      "recall@1": 0.05847953216374269,
      "recall@5": 0.24561403508771928,
      "recall@10": 0.49122807017543857,
      "ndcg@1": 0.05847953216374269,
      "ndcg@5": 0.13713907820651045,
      "ndcg@10": 0.21458006827037793
    },
    "medcpt_finetuned": {
      "recall@1": 0.08187134502923976,
      "recall@5": 0.41228070175438597,
      "recall@10": 0.6929824561403509,
      "ndcg@1": 0.08187134502923976,
      "ndcg@5": 0.23039993558435484,
      "ndcg@10": 0.3164165907711834
    },
    "sbert": {
      "recall@1": 0.05847953216374269,
      "recall@5": 0.34210526315789475,
      "recall@10": 0.5555555555555556,
      "ndcg@1": 0.05847953216374269,
      "ndcg@5": 0.1882810160736878,
      "ndcg@10": 0.25623597190053365
    },
    "dpr": {
      "recall@1": 0.02046783625730994,
      "recall@5": 0.1695906432748538,
      "recall@10": 0.38596491228070173,
      "ndcg@1": 0.02046783625730994,
      "ndcg@5": 0.0885324727505505,
      "ndcg@10": 0.15396881963114475
    }
  },
  "reranker": {
    "ms_marco_zero_shot": {
      "recall@1": 0.04093567251461988,
      "recall@5": 0.3362573099415205,
      "recall@10": 0.5847953216374269,
      "ndcg@1": 0.04093567251461988,
      "ndcg@5": 0.1717944351563149,
      "ndcg@10": 0.24839664348493717,
      "map": 0.18229418972442377,
      "mrr": 0.18491740281350205
    },
    "ms_marco_finetuned": {
      "recall@1": 0.15789473684210525,
      "recall@5": 0.5672514619883041,
      "recall@10": 0.868421052631579,
      "ndcg@1": 0.15789473684210525,
      "ndcg@5": 0.3427043174459549,
      "ndcg@10": 0.4459020718291386,
      "map": 0.3352225166338131,
      "mrr": 0.3446244185072196
    }
  }
}